name,samecase,ispass,bugfreeid,comments,failnum
家电行业，市盈率小于50,NULL,0,0,NULL,0
壳资源热门,NULL,0,0,NULL,0
今年哪些股票涨幅最大,NULL,0,0,NULL,0
小盘绩优股,NULL,0,0,NULL,0
近10日跌幅10%,NULL,0,0,NULL,0
连续3年净资产收益率超15%，净利增长率超20%，毛利率超30%,NULL,0,0,NULL,0
连续3年ROE大于15%，净利率大于15%，2010年以前上市,NULL,0,0,NULL,0
生产白糖的企业,NULL,0,0,NULL,0
最近5天涨幅最大的电力股,NULL,0,0,NULL,0
流通a股大于100000000，市盈率小于20,NULL,0,0,NULL,0
连跌7天的股票,NULL,0,0,NULL,0
煤炭行业市盈率低于40的股票,NULL,0,0,NULL,0
roe大于10%，总资产小于100亿元,NULL,0,0,NULL,0
大股东增持的股票,NULL,0,0,NULL,0
2012中报预增100%以上,NULL,0,0,NULL,0
新能源股,NULL,0,0,NULL,0
连续两天振幅超过10%,NULL,0,0,NULL,0
2012年一季度预增,NULL,0,0,NULL,0
创3个月内新高,NULL,0,0,NULL,0
一季报营业收入增长大于30%,NULL,0,0,NULL,0
玻纤类上市公司,NULL,0,0,NULL,0
海西概念个股,NULL,0,0,NULL,0
近30日振幅小于15%,NULL,0,0,NULL,0
经营范围包括贷款,NULL,0,0,NULL,0
最牛的股票,NULL,0,0,NULL,0
有色金属个股,NULL,0,0,NULL,0
目前两市市盈率最低的股票,NULL,0,0,NULL,0
昨天涨停个股,NULL,0,0,NULL,0
券商持股比例超过>5%的股票,NULL,0,0,NULL,0
主营中成药,NULL,0,0,NULL,0
今年一季度收入增长30%以上,NULL,0,0,NULL,0
巴菲特概念,NULL,0,0,NULL,0
2011年高送转中小板股票,NULL,0,0,NULL,0
流通股东有华夏大盘,NULL,0,0,NULL,0
换手率大于8,NULL,0,0,NULL,0
毛利率大于60%，化学制药,NULL,0,0,NULL,0
连续10年没有分红,NULL,0,0,NULL,0
主营产品包括草甘膦的股票,NULL,0,0,NULL,0
最近一个月涨幅超过10%的股票,NULL,0,0,NULL,0
换手率大于3%,NULL,0,0,NULL,0
2012年新股发行价最低价,NULL,0,0,NULL,0
浙江省营业利润连续三年增长20%,NULL,0,0,NULL,0
医药净利润增长排名,NULL,0,0,NULL,0
2009年节能环保利润增长50%以上的股票,NULL,0,0,NULL,0
今年以来大股东增持20%以上的股票,NULL,0,0,NULL,0
连续3年净利润复合增长超过50%且市盈率小于30倍的股票,NULL,0,0,NULL,0
2012年中报预增大于100的股票,NULL,0,0,NULL,0
食品龙头企业,NULL,0,0,NULL,0
最近5天创新高,NULL,0,0,NULL,0
限售股合计占总股本比例大于50%,NULL,0,0,NULL,0
奥运概念股,NULL,0,0,NULL,0
增公开发行中签率大于50%以上,NULL,0,0,NULL,0
银行业股息率最高的公司,NULL,0,0,NULL,0
今年以来大股东增持比例超过80%的股票,NULL,0,0,NULL,0
2012年5月除权股票,NULL,0,0,NULL,0
今年一季度增长100%以上,NULL,0,0,NULL,0
三个月内涨幅超过30%,NULL,0,0,NULL,0
扭亏为赢的,NULL,0,0,NULL,0
连续三年净资产收益率大于20%,NULL,0,0,NULL,0
每股未分配利润大于2元,NULL,0,0,NULL,0
今日涨停,NULL,0,0,NULL,0
触摸屏概念股,NULL,0,0,NULL,0
资产负债率最低,NULL,0,0,NULL,0
次新股中的大盘股,NULL,0,0,NULL,0
高速公路股,NULL,1,0,NULL,8
股息率大于6%的公司,NULL,0,0,NULL,0
2012年业绩大幅上升个股,NULL,0,0,NULL,0
稀土 PE EPS ,NULL,0,0,NULL,0
今年上半年利润预增大于20%,NULL,0,0,NULL,0
macd金叉的股票,NULL,0,0,NULL,0
每股净资产超过股价的企业,NULL,0,0,NULL,0
中报预增1000%,NULL,0,0,NULL,0
限售股比例超过50%,NULL,0,0,NULL,0
2012中报利润翻番的股票,NULL,0,0,NULL,0
智能电网个股,NULL,0,0,NULL,0
食品资金流入最大的,NULL,0,0,NULL,0
今年上涨幅度最大,NULL,0,0,NULL,0
7日均线上穿29日均线,NULL,0,0,NULL,0
营业利润最大,NULL,0,0,NULL,0
连续三年收益率大于30%，每股收益大于0.5,NULL,0,0,NULL,0
3元到4元的股票有哪些,NULL,0,0,NULL,0
总股本是10155万的上市公司,NULL,0,0,NULL,0
同年累计每股分红大于1元,NULL,0,0,NULL,0
钢铁重组有那些,NULL,0,0,NULL,0
中报业绩大于百分百的股票,NULL,0,0,NULL,0
连续2日涨幅大于2%,NULL,0,0,NULL,0
市现率0-6，市盈率0-16的股票,NULL,0,0,NULL,0
综合评级最低的股票,NULL,0,0,NULL,0
"每股净资产要高于10元,总股本要小于3亿",NULL,0,0,NULL,0
长春的上市公司,NULL,0,0,NULL,0
今年来涨幅最大的股票,NULL,0,0,NULL,0
生物质能股票,NULL,0,0,NULL,0
每10股转增股本>9股2011年,NULL,1,0,NULL,1
a股现价最低的是哪支股票,NULL,0,0,NULL,0
QFII持股比例超过5%的股票,NULL,0,0,NULL,0
浙江省市盈率最低，市净率在1-2的股票,NULL,0,0,NULL,0
医药生物流通股小于5亿,NULL,0,0,NULL,0
综合评级在1.8,NULL,0,0,NULL,0
连续三年净收益大于30%，旅游,NULL,0,0,NULL,0
类稀土资源股,NULL,0,0,NULL,0
量比大于3的股票,NULL,0,0,NULL,0
员工人数前5,NULL,0,0,NULL,0
三连阳+成交量放大,NULL,0,0,NULL,0
"市盈率(pe,ttm)小于10大于3",NULL,0,0,NULL,0
市盈率0-6，市净率0-2，净利润为正,NULL,0,0,NULL,0
嘉兴市股票,NULL,0,0,NULL,0
收盘价-净资产< 0银行股,NULL,0,0,NULL,0
交叉持股,NULL,0,0,NULL,0
今年涨幅超过百分之50的股票,NULL,0,0,NULL,0
市盈率大于1与每股收益大于1,NULL,0,0,NULL,0
股东人数大幅减少,NULL,1,0,NULL,11
营业收入同比增长率连续三年大于20%，净利润连续三年同比增长率大于30%净资产收益率连续三年大于18%,NULL,0,0,NULL,0
利润连续3年增长30%，总市值，食品,NULL,0,0,NULL,0
2012年中报预减的有色股票,NULL,0,0,NULL,0
市值大于100亿市盈率低于15净利润率连续三年大于30%,NULL,0,0,NULL,0
请问哪些是创业板,NULL,0,0,NULL,0
连续跌5天,NULL,0,0,NULL,0
总市值最小的股票非st,NULL,0,0,NULL,0
每股现金流量大于1元,NULL,0,0,NULL,0
市盈率小于16的股票,NULL,0,0,NULL,0
2012年三季度净资产收益率大于10%,净资产收益率大于10,1,0,NULL,2
今年跌10%以上,NULL,0,0,NULL,0
今天跌停的股票,NULL,0,0,NULL,0
深圳本地股,NULL,0,0,NULL,0
前天上涨，昨天下跌,NULL,0,0,NULL,0
2012年6月以来大股东增持的股票,NULL,0,0,NULL,0
5000万以下流通盘的股票,NULL,0,0,NULL,0
 连涨天数大于4天的股票,NULL,0,0,NULL,0
创业板牛股,NULL,0,0,NULL,0
前10大股东有宋戈的,NULL,0,0,NULL,0
经营范围包括网络覆盖,NULL,0,0,NULL,0
连续三天上涨的股票,NULL,0,0,NULL,0
新能源电池,NULL,0,0,NULL,0
社保基金重仓股票,NULL,0,0,NULL,0
毛利率大于40% 汽车,NULL,0,0,NULL,0
最近2周振幅小于3%的,NULL,0,0,NULL,0
哪些股票是券商股,NULL,0,0,NULL,0
最近除权的股票,NULL,0,0,NULL,0
近3天连续上涨,NULL,0,0,NULL,0
汽车股,NULL,0,0,NULL,0
医药板块 涨幅,NULL,0,0,NULL,0
中报增500%个股,NULL,0,0,NULL,0
股价在2元以下的股票,NULL,0,0,NULL,0
换手率大于3,NULL,0,0,NULL,0
并购重组概念股,NULL,0,0,NULL,0
今年中签率超过10%的股票,NULL,0,0,NULL,0
连续3年摊薄净资产收益率大于20%,NULL,0,0,NULL,0
6月涨幅最高,NULL,0,0,NULL,0
银行股,NULL,0,0,NULL,0
2012年中报业绩预增100%以上,NULL,0,0,NULL,0
利息费用大于5000万,NULL,0,0,NULL,0
2012中报预增大于100% 股价低于15流通股本小于2亿市盈率低于100,NULL,0,0,NULL,0
2012中报预增大于100% 股价低于15流通股本小于1.5亿市盈率低于150,NULL,0,0,NULL,0
市盈率在1-15的股票,NULL,0,0,NULL,0
济南市有什么股票,NULL,0,0,NULL,0
净利润在10-100亿,NULL,0,0,NULL,0
存货净额超过10亿元的医药公司,NULL,0,0,NULL,0
半年报业绩超过100%,NULL,0,0,NULL,0
2010年高送转分红预期小盘品种,NULL,0,0,NULL,0
医药股业绩预增80以上,NULL,0,0,NULL,0
医药板块，近期（2012年至今）涨幅小于5%，大于0%,NULL,0,0,NULL,0
银行股的市盈率,NULL,0,0,NULL,0
凯士奥参股的上市公司,NULL,1,0,NULL,7
经营范围包括化学,NULL,0,0,NULL,0
连续十年净资产收益率大于20%,NULL,0,0,NULL,0
涉矿概念股,NULL,0,0,NULL,0
2012第一季度净利润增长率大于100 ,NULL,0,0,NULL,0
净利润率大于20％,NULL,0,0,NULL,0
现在哪只股价最低,NULL,0,0,NULL,0
"今年一季度收入增长30%以上,净资产收益率10%以上",NULL,0,0,NULL,0
互联网行业,NULL,0,0,NULL,0
连续2天涨幅超过2％,NULL,0,0,NULL,0
净利润增长30%,NULL,0,0,NULL,0
净利润连续三年增长30%   2012年中报预增50%以上的股票,NULL,0,0,NULL,0
3年累计分红占比超过30%,NULL,0,0,NULL,0
航天军工板块的股票,NULL,0,0,NULL,0
上海国资重组,NULL,0,0,NULL,0
总股本小于1亿的股票低价股,NULL,0,0,NULL,0
利润连续3年增长30%，总市值小于200亿，毛利率大于40，2011年净利润大于0.5亿,NULL,0,0,NULL,0
流通盘小于5000万每股净资产大于6元股价低于15元市盈率低于50,NULL,0,0,NULL,0
退市概念,NULL,0,0,NULL,0
每股净收入1元以上的股票,NULL,0,0,NULL,0
大连地区风力发电的是哪个股,NULL,0,0,NULL,0
近五年roe大于20%并且毛利率大于40%,NULL,0,0,NULL,0
2012年中报预增100％的个股,NULL,0,0,NULL,0
锂电池上市公司,NULL,0,0,NULL,0
经营现金净流量同比增长大于100%的公司,NULL,0,0,NULL,0
"roe, 次新股",NULL,0,0,NULL,0
10日均线上穿30日均线，总股本小于5亿，最新价小于5元,NULL,0,0,NULL,0
毛利率40%以上的股票,NULL,0,0,NULL,0
年报高送转预期,NULL,0,0,NULL,0
利润率大于10% 毛利率大于40% ROE大于10% 年复合增长率大于20%,NULL,0,0,NULL,0
毛利率大于60%,NULL,0,0,NULL,0
连续三年净资产收益率超过30%,NULL,0,0,NULL,0
机构持股比例合计>50%,NULL,0,0,NULL,0
全文高送转的小盘股,NULL,0,0,NULL,0
节能环保概念股,NULL,0,0,NULL,0
新一代信息技术,NULL,0,0,NULL,0
近三年roe大于20%,NULL,0,0,NULL,0
2012年中报业绩大于100%,NULL,0,0,NULL,0
每股净利润大于2元,NULL,0,0,NULL,0
市净率小于2的银行股,NULL,0,0,NULL,0
连续3年收入增速大于20%，连续3年净利润增速大于20%,NULL,0,0,NULL,0
市净率在1.1倍以下的股票,NULL,0,0,NULL,0
"连续三年净利润增长30%,净利润大于1亿",NULL,0,0,NULL,0
2012 中报预增100%以上的股票,NULL,0,0,NULL,0
强势股,NULL,0,0,NULL,0
2011年分红最多的上市公司有哪些？,NULL,0,0,NULL,0
流通a股小于1000万,NULL,0,0,NULL,0
连续三年净利润亏损40%以上,NULL,0,0,NULL,0
利润率大于20% 毛利率大于40% ROE大于10%,NULL,0,0,NULL,0
市盈率0-7，市净率0-2，净利润为正,NULL,0,0,NULL,0
市净率小于1且pe<30,NULL,0,0,NULL,0
本月以来涨幅大于20%,NULL,0,0,NULL,0
高送转的小盘股,NULL,0,0,NULL,0
医药板块 明胶,NULL,0,0,NULL,0
近期创历史新低,NULL,0,0,NULL,0
北京房地产 今年以来涨跌幅,NULL,0,0,NULL,0
2012年中报预增50%以上的股票医药,NULL,0,0,NULL,0
高送配的个股有哪些,NULL,0,0,NULL,0
昨日涨停的股票简称,NULL,0,0,NULL,0
家电企业,NULL,0,0,NULL,0
现在最便宜的股票,NULL,0,0,NULL,0
稀土 eps roe>10% 收盘价,NULL,0,0,NULL,0
预增大于500%,NULL,0,0,NULL,0
总资产最大的股票,NULL,0,0,NULL,0
那些是创投概念股,NULL,0,0,NULL,0
2012年上半年盈利预增大于100%的股票,NULL,0,0,NULL,0
总资产收益率大于7,NULL,0,0,NULL,0
尚未流通股份不大于100000股,NULL,0,0,NULL,0
连续5年 毛利率大于50% 总资产收益率大于20%  净利润率大于10%,NULL,0,0,NULL,0
15日均线向上的股票,NULL,0,0,NULL,0
毛利率大于60%一季度净利润增长率大于50%,NULL,0,0,NULL,0
日振幅大于10%,NULL,0,0,NULL,0
年初至今跌30%以上的股票有哪些,NULL,0,0,NULL,0
资金流入前10,NULL,0,0,NULL,0
市盈率大于0小于50，主营产品名称包含水泥,NULL,0,0,NULL,0
2012年7月5日上市新股,NULL,0,0,NULL,0
总股本小于1亿的股票,NULL,0,0,NULL,0
"量比大于3,换手率大于3",NULL,0,0,NULL,0
股价最低的个股,NULL,0,0,NULL,0
股东平均持股大于100000股,NULL,0,0,NULL,0
哪些是中小板股票,NULL,0,0,NULL,0
存货大于净利润的公司,NULL,0,0,NULL,0
五连阳的股票,NULL,0,0,NULL,0
连续三年营业收入(同比增长率)大于10%,NULL,0,0,NULL,0
中日韩自贸区概念,NULL,0,0,NULL,0
中报预测盈利增长2000%以上,NULL,0,0,NULL,0
新能源汽车龙头,NULL,0,0,NULL,0
PEG大于2，PB小于1,NULL,0,0,NULL,0
2012年中报大幅预增,NULL,0,0,NULL,0
汽车股中资金流入最多的股票,NULL,0,0,NULL,0
10转10股,NULL,0,0,NULL,0
医药板块,NULL,0,0,NULL,0
一季度业绩预增50%股票,NULL,0,0,NULL,0
近期创出历史新高,NULL,0,0,NULL,0
2012年中报预增100%以上的股票每股收益率0.3以上,NULL,0,0,NULL,0
超级细菌概念,NULL,0,0,NULL,0
现在有五元以下的股票是哪些,NULL,0,0,NULL,0
涉矿概念 房地产股票 市盈率,NULL,0,0,NULL,0
连续3年净利润复合增长超过60%的股票,NULL,0,0,NULL,0
山西的煤炭股,NULL,0,0,NULL,0
2012年中报业绩预增大于100%,NULL,0,0,NULL,0
连续三年净利润增长50%并且连续三年收入增长50%,NULL,0,0,NULL,0
2012年中期业绩预增,NULL,0,0,NULL,0
基金重仓股,NULL,0,0,NULL,0
年复合增长率超20%,NULL,0,0,NULL,0
市盈率最低股,NULL,0,0,NULL,0
今年涨幅最高的股票,NULL,0,0,NULL,0
2012年中期预增30%以上，且近三年roe大于20%并且毛利率大于20%,NULL,1,0,NULL,19
创历史新高股票  上市1个月以上,NULL,0,0,NULL,0
业绩预增百分百的股票,NULL,0,0,NULL,0
2012涨幅最大的股票,NULL,0,0,NULL,0
 连跌天数大于6天的股票,NULL,0,0,NULL,0
昨天涨幅最大的股票,NULL,0,0,NULL,0
高管增持的股票,NULL,0,0,NULL,0
商业股连续三年净利润率大于10%，,NULL,0,0,NULL,0
股价在3元以下的,NULL,0,0,NULL,0
st摘帽概念股,NULL,0,0,NULL,0
"连续3年业绩增长>30%,市盈率介于10到40之间",NULL,0,0,NULL,0
浙江稀土上市公司的股票,NULL,0,0,NULL,0
新三板概念,NULL,0,0,NULL,0
近半年下跌超过40%的股票,NULL,0,0,NULL,0
创新低龙头股,NULL,0,0,NULL,0
去年净利润增长大于30%,NULL,0,0,NULL,0
周KDJ线金叉和日KDJ线金叉的股票,NULL,0,0,NULL,0
派息率最高个股,NULL,0,0,NULL,0
净利润大于1亿,NULL,0,0,NULL,0
苏州上市的股票,NULL,0,0,NULL,0
连续3年净利润增长率>40%,NULL,0,0,NULL,0
哪些股票是新能源电池板块,NULL,0,0,NULL,0
3个交易日涨幅超过8%,NULL,0,0,NULL,0
传媒股龙头,NULL,0,0,NULL,0
利润增长最快的医药,NULL,0,0,NULL,0
资产总计最大的水泥股,NULL,0,0,NULL,0
"连续10年roe大于10%,连续5年分红大于3%",NULL,0,0,NULL,0
股价大于9元，小于10元，2012年中报预增100%以上的股票,NULL,0,0,NULL,0
连涨天数3天的股票,NULL,0,0,NULL,0
昨天跌停的股票,NULL,0,0,NULL,0
2011年高送转中小板龙头纺织股,NULL,0,0,NULL,0
今年涨幅前100的股票,NULL,0,0,NULL,0
涨幅超过2%,NULL,0,0,NULL,0
员工人数5万,NULL,0,0,NULL,0
水泥板块资金流入最多的股票,NULL,0,0,NULL,0
近三年roe大于20%并且毛利率大于40%,NULL,0,0,NULL,0
主营业务海鲜,NULL,0,0,NULL,0
今天换手率在3%到7%之间,NULL,0,0,NULL,0
创历史新高的股票,NULL,0,0,NULL,0
今年涨的最少的股票,NULL,0,0,NULL,0
高转送潜力股,NULL,0,0,NULL,0
医药商业业绩大幅度增长,NULL,0,0,NULL,0
总股本小于1亿股价低于10元的股票,NULL,0,0,NULL,0
节能环保产业,NULL,0,0,NULL,0
2012年中报预增大于100%的股票,NULL,0,0,NULL,0
新材料板块,NULL,0,0,NULL,0
股价小于5的股票  毛利率大于10,NULL,0,0,NULL,0
股价3元以下的个股,NULL,0,0,NULL,0
市盈率大于0且小于6,NULL,0,0,NULL,0
30日涨幅大于30,NULL,0,0,NULL,0
盘子最小的酒股,NULL,0,0,NULL,0
银行股市净率排名,NULL,0,0,NULL,0
连续三年ROE大于50%的上市公司,NULL,0,0,NULL,0
有望高送转或业绩预增个股,NULL,0,0,NULL,0
连续三年净利润大于30%，每股eps大于1元,NULL,0,0,NULL,0
一季报营业利润增幅30%以上，且营业利润2000万元以上，,NULL,0,0,NULL,0
2011年报10送10 ,NULL,0,0,NULL,0
今年以来大连大股东高管增持,NULL,0,0,NULL,0
1个月跌幅大于15%，预测2012年净利润增幅200%以上,NULL,0,0,NULL,0
连跌天数大于3天的股票,NULL,0,0,NULL,0
缩量次新股,NULL,0,0,NULL,0
超跌次新股,NULL,0,0,NULL,0
市盈率<15,NULL,0,0,NULL,0
家电资金流入前10,NULL,0,0,NULL,0
2011年收益超100%股票,NULL,0,0,NULL,0
2012年半年业绩预盈>100% 食品,NULL,0,0,NULL,0
股价大于5元，连续三天涨幅大于5%,NULL,0,0,NULL,0
连续三年营业收入低于1000万元,NULL,0,0,NULL,0
市盈率最低但净利润超过1000万的公司,NULL,0,0,NULL,0
"预盈100%以上,近2日上涨5%以上",NULL,0,0,NULL,0
浙江重组的股票,NULL,0,0,NULL,0
换手率20%以上的股票,NULL,0,0,NULL,0
"2010年净利润增长大于50%,2011年净利润增长大于60%",NULL,0,0,NULL,0
连续一周涨幅大于3%的股票,NULL,0,0,NULL,0
净资产负债率超过100%的公司,NULL,0,0,NULL,0
禽流感疫情股票,NULL,0,0,NULL,0
收益百分之百,NULL,0,0,NULL,0
利润增长100%,NULL,0,0,NULL,0
净利三年连续增长30%，股价三年内上涨70%,NULL,0,0,NULL,0
市盈率连续3年大于0小于20,NULL,0,0,NULL,0
预测净利润连续三年增长30%,NULL,0,0,NULL,0
3日均线金叉5日均线的股票,NULL,0,0,NULL,0
环保工程,NULL,0,0,NULL,0
连续3年净利润率大于20％,NULL,0,0,NULL,0
"最近三年净利润复合增长率30%，2011年市盈率(pe,ttm)小于39",NULL,0,0,NULL,0
交叉持股题材股,NULL,0,0,NULL,0
价格在3-4元的股票,NULL,0,0,NULL,0
预期高送转概念股,NULL,0,0,NULL,0
2012年7月11日限售股解禁,NULL,0,0,NULL,0
2012年高送转分红预期小盘品种,NULL,0,0,NULL,0
2012中报业绩增长30%以上,NULL,0,0,NULL,0
嘉兴的上市公司,NULL,0,0,NULL,0
基金重仓,NULL,0,0,NULL,0
最近一周涨幅最大的股票是哪支,NULL,0,0,NULL,0
总市值最大的股票,NULL,0,0,NULL,0
重组上海本地股,NULL,0,0,NULL,0
白酒行业 资产负债率35%以下 总股本100亿以下 市盈率30倍以下,NULL,0,0,NULL,0
青海股票有哪些,NULL,0,0,NULL,0
最近一个月涨幅超过30%的股票,NULL,0,0,NULL,0
股价在3-4元的股票,NULL,0,0,NULL,0
连续两年净利润增长率大于50%,NULL,0,0,NULL,0
云计算概念股,NULL,0,0,NULL,0
2012中报净利润(同比增长率)>100%以上的股票,NULL,0,0,NULL,0
高管增持的有哪些股票,NULL,0,0,NULL,0
预盈100%以上，近5日内上涨10%以上,NULL,0,0,NULL,0
 核电股中资金流入最多的股票,NULL,0,0,NULL,0
2012年中报业绩预增>100%,NULL,0,0,NULL,0
融资融券标的股名单,NULL,0,0,NULL,0
当日资金流入最多的股票,NULL,0,0,NULL,0
主营食用油的股票,NULL,0,0,NULL,0
3月22日股价最低的股票,NULL,0,0,NULL,0
"市盈率小于20,连续5年净利润同比增长大于40%",NULL,0,0,NULL,0
最近创30日新高,NULL,0,0,NULL,0
每股现金流量净额超过10元,NULL,0,0,NULL,0
 新三板概念,NULL,0,0,NULL,0
现在股价最低的股票,NULL,0,0,NULL,0
公司市净10倍以上有那些,NULL,0,0,NULL,0
市值最大的股票,NULL,0,0,NULL,0
保险股,NULL,0,0,NULL,0
手机支付相关个股,NULL,0,0,NULL,0
主营产品包括商铺,NULL,0,0,NULL,0
pe最高的浙江省的上市公司,NULL,0,0,NULL,0
"股价<15,总市值<50亿，市盈率<15,市净率<2",NULL,0,0,NULL,0
券商股票有哪些,NULL,0,0,NULL,0
2012年6月涨幅最高的股票,NULL,0,0,NULL,0
十大股东持股占总股本50%以上毛利率>30市盈率<50净资产收益>1,NULL,0,0,NULL,0
甘肃地区的股票,NULL,0,0,NULL,0
5日均线上穿20日均线,NULL,0,0,NULL,0
商业零售毛利率最高的企业,NULL,0,0,NULL,0
近3日上涨15%以上,NULL,0,0,NULL,0
融资融券,NULL,0,0,NULL,0
连续3天换手率大于15%的股票,NULL,0,0,NULL,0
2012半年报利润增加100%的,NULL,0,0,NULL,0
每10股转增股本>5股,NULL,0,0,NULL,0
2012年4月大股东增持的股票,NULL,0,0,NULL,0
资金流入最多的股票,NULL,0,0,NULL,0
业绩增长100%,NULL,0,0,NULL,0
今日跌停股,NULL,0,0,NULL,0
市盈率15以下的股票,NULL,0,0,NULL,0
今年一季度收入增长100%以上,NULL,0,0,NULL,0
今年一季度同比增长100以上市现率0-20，市盈率0-16的股票,NULL,0,0,NULL,0
每股收益大于0.5，未分配利润大于2,NULL,0,0,NULL,0
股价最高,NULL,0,0,NULL,0
收入增长30%以上，利润增长40%以上,NULL,0,0,NULL,0
净资产收益率连续3年大于20%，主营收入增长大于20%,NULL,0,0,NULL,0
资金流入前20,NULL,0,0,NULL,0
每年分红大于2元,NULL,0,0,NULL,0
净利润在100亿以上,NULL,0,0,NULL,0
有易方达基金的庄股,NULL,0,0,NULL,0
每股净资产大于10元,NULL,0,0,NULL,0
今年涨幅前300的股票,NULL,0,0,NULL,0
持股人数逐季度减少5%的股票,NULL,0,0,NULL,0
综合评级在3以上的,NULL,0,0,NULL,0
资产负债率>60% 每股收益>0.3,NULL,0,0,NULL,0
近期新股中签率最低的股票,NULL,0,0,NULL,0
太阳能概念股,NULL,0,0,NULL,0
医改概念资金流入最大的股票,NULL,0,0,NULL,0
金融股,NULL,0,0,NULL,0
业绩预增大于100%且净利润大于1000万,NULL,0,0,NULL,0
2012年新股,NULL,0,0,NULL,0
2012年中报预增50%以上的零售 股票,NULL,0,0,NULL,0
每股净资产超过10元股票,NULL,0,0,NULL,0
中报业绩大于60%,NULL,0,0,NULL,0
上周换手率最高的股票,NULL,0,0,NULL,0
净利润增长200%,NULL,0,0,NULL,0
2012年一季度利润增长100%,NULL,0,0,NULL,0
创一年来新低,NULL,0,0,NULL,0
主营产品包括磷,NULL,0,0,NULL,0
2012年上市 跌破发行价的个股 总市值50亿以下,NULL,0,0,NULL,0
连续4天跌幅大于2%,NULL,0,0,NULL,0
破净股票,NULL,0,0,NULL,0
环保概念利润率增长排名,NULL,0,0,NULL,0
稀土 pe,NULL,0,0,NULL,0
净资产收益率10%以上,NULL,0,0,NULL,0
银行 PE EPS ,NULL,0,0,NULL,0
预测净利润增长100%,NULL,0,0,NULL,0
股本小于3亿利润增长超过50%,NULL,0,0,NULL,0
近三年利润率超过20%,NULL,0,0,NULL,0
6月份除权，每股分红送转大于1的创业板股票,NULL,0,0,NULL,0
净利润增加100%的个股,NULL,0,0,NULL,0
哪些股属迪斯尼概念股,NULL,0,0,NULL,0
每股未分配利润大于5元,NULL,0,0,NULL,0
dde大单净额大于30万,NULL,0,0,NULL,0
1季报营业收入增长20%以上，净利润增长20%以上,NULL,0,0,NULL,0
连续3年净资产收益率大于40%,NULL,0,0,NULL,0
玩具上市公司,NULL,0,0,NULL,0
银行业市现率最低的的公司,NULL,0,0,NULL,0
连续三年净利润大于20%，汽车,NULL,0,0,NULL,0
最近七天股价下跌20%,NULL,0,0,NULL,0
航天军工股票,NULL,0,0,NULL,0
连续3年股息率大于4%，连续3年股息率增长率大于0,NULL,0,0,NULL,0
涨停个股,NULL,0,0,NULL,0
房地产市盈率最低的股票,NULL,0,0,NULL,0
股价小于市净率股票,NULL,0,0,NULL,0
连续5年每股收益增长比l率超过30%以上,NULL,0,0,NULL,0
饮料板块,NULL,0,0,NULL,0
配股的股票,NULL,0,0,NULL,0
次新股全部名单,NULL,0,0,NULL,0
3天涨幅最大的股,NULL,0,0,NULL,0
2012年中报预增150%以上 市盈率低于30的股票,NULL,0,0,NULL,0
5月涨幅最大的,NULL,0,0,NULL,0
5年净资产收益率大于20%,NULL,0,0,NULL,0
股东平均持股大于1000手,NULL,0,0,NULL,0
年复合增长率大于20%小于40%,NULL,0,0,NULL,0
三沙概念股票,NULL,0,0,NULL,0
2012年二季报增速50%以上,NULL,0,0,NULL,0
下跌10%股,NULL,0,0,NULL,0
连续三年净资产收益率大于40%,NULL,0,0,NULL,0
2012中报业绩预增大于100%且净利润大于1000万,NULL,0,0,NULL,0
2010年净资产收益率大于20%,NULL,0,0,NULL,0
流通盘小于2亿股,NULL,0,0,NULL,0
三十日累计涨幅最大,NULL,0,0,NULL,0
2012年中报预增100%以上 市盈率低于30的股票,NULL,0,0,NULL,0
铁路基建,NULL,0,0,NULL,0
每股收益大于五角,NULL,0,0,NULL,0
基金持仓业绩预增100% 股,NULL,0,0,NULL,0
十大股东持股占总股本50%以上毛利率>30市盈率<50净资产收益>1净利润增长率>20主营业务增长率>20,NULL,0,0,NULL,0
每股收益最大股票,NULL,0,0,NULL,0
每股资本公积金大于5元，每股未分配利润大于3元,NULL,0,0,NULL,0
2012中报业绩100%,NULL,0,0,NULL,0
三沙概念股一览,NULL,0,0,NULL,0
最牛逼的股票,NULL,0,0,NULL,0
保障房建筑材料,NULL,0,0,NULL,0
下跌的金融信息股,NULL,0,0,NULL,0
机械行业,NULL,0,0,NULL,0
2012年中期利润预增50%,NULL,0,0,NULL,0
连续4周缩量,NULL,0,0,NULL,0
今天突然放量,NULL,0,0,NULL,0
银行股的市净率,NULL,0,0,NULL,0
连续5年净利润同比增长大于40%,NULL,0,0,NULL,0
近期新股中签率最低的有哪些,NULL,0,0,NULL,0
连续3年ROE大于12%，2011年净利率大于5%,NULL,0,0,NULL,0
市盈率0-20，市净率0-2，净利润为正,NULL,0,0,NULL,0
生产中药的企业,NULL,0,0,NULL,0
今年以来大盘股涨跌幅,NULL,0,0,NULL,0
稀土 eps 2009―2011,NULL,0,0,NULL,0
最近5天跌得最多的股票,NULL,0,0,NULL,0
总股本小于4000万的创业板股票,NULL,0,0,NULL,0
"预盈200%以上,近5日上涨1%以上",NULL,0,0,NULL,0
电力板块  市盈率小于12,NULL,0,0,NULL,0
锂电池概念股,NULL,0,0,NULL,0
连跌4天,NULL,0,0,NULL,0
2012年中报业绩预测增长100%以上、并且PE小于40、流通盘小于10亿的股票,NULL,0,0,NULL,0
锂电概念,NULL,0,0,NULL,0
2012年中报预增,NULL,0,0,NULL,0
净资产收益率连续3年大于50%，主营收入增长大于20%,NULL,0,0,NULL,0
生产锂电池上市公司有哪些,NULL,0,0,NULL,0
小盘股都有哪些股票,NULL,0,0,NULL,0
持股人数比上期下降大于10%,NULL,0,0,NULL,0
流通市值最大的股票,NULL,0,0,NULL,0
推荐买入家数在10家以上,NULL,0,0,NULL,0
2012年中报预增50%以上 的股票 白酒,NULL,0,0,NULL,0
a股每股净资产20元以上的股票有哪些,NULL,0,0,NULL,0
2012年中报预增100%以上的股票 医药 食品,NULL,1,0,NULL,8
每股收益增加20%,NULL,0,0,NULL,0
2012年中报预增50%以上 市盈率低于30的股票 医药,NULL,0,0,NULL,0
商业零售今日涨幅最大的股票,NULL,0,0,NULL,0
最近七个月涨幅超过100%的股票,NULL,0,0,NULL,0
连续下跌3天,NULL,0,0,NULL,0
今年一季报预增50%的股票,NULL,0,0,NULL,0
30天涨幅大于5%,NULL,0,0,NULL,0
购并重组的股票有哪些,NULL,0,0,NULL,0
 今年一季度收入增长50%以上,NULL,0,0,NULL,0
股价大于10，毛利率大于20%,NULL,0,0,NULL,0
重组板块、上海本地股,NULL,0,0,NULL,0
营业利润同比增长率大于50％的公司,NULL,0,0,NULL,0
连涨天数大于2天的股票,NULL,0,0,NULL,0
2012年中报预增50%以上的股票,NULL,0,0,NULL,0
2012年中小板涨幅,NULL,0,0,NULL,0
15天内涨百分之25的股票,NULL,0,0,NULL,0
连续3年每股收益超0.5元,NULL,0,0,NULL,0
股价最大的股票,NULL,0,0,NULL,0
今年上半年收入预增长30%以上,NULL,0,0,NULL,0
每股收益大于0.5元的股票,NULL,0,0,NULL,0
净资产收益率连续10年大于20%,NULL,0,0,NULL,0
军工股,NULL,0,0,NULL,0
连涨天数大于4天的股票,NULL,0,0,NULL,0
与核电相关的股票,NULL,0,0,NULL,0
"股价<15,总市值<50亿，市盈率<15,市净率<2,连续两年盈利",NULL,0,0,NULL,0
最近半年跌幅超过40%小盘股,NULL,0,0,NULL,0
10日均线上穿30日均线，总股本小于5亿，最新价小于8元,NULL,0,0,NULL,0
预期高送转股票,NULL,0,0,NULL,0
毛利率连续三年高于50%的电子元器件股,NULL,0,0,NULL,0
航天军工板块,NULL,0,0,NULL,0
向上突破5日均线  放量,NULL,0,0,NULL,0
毛利率高于40%、净资产收益高于15%、净利率高于5%  ,NULL,0,0,NULL,0
每年分红大于3元,NULL,0,0,NULL,0
2012年中报预增100%以上+市盈率低于30的股票,NULL,0,0,NULL,0
今年以来跌幅最大的股票,NULL,0,0,NULL,0
 连涨天数大于5天的股票,NULL,0,0,NULL,0
年复合增长率大于20%  连续3年ROE大于9.5%  环保类,NULL,0,0,NULL,0
海南板块股一览,NULL,0,0,NULL,0
今年以来涨跌幅>100% pe,NULL,0,0,NULL,0
2011年市净率大于0小于1,NULL,0,0,NULL,0
今年涨幅最大的涉矿概念股,NULL,0,0,NULL,0
2012年一季度亏损的创业板公司,NULL,0,0,NULL,0
2012一季报股东人数减少20%以上,NULL,0,0,NULL,0
电子元器件,NULL,0,0,NULL,0
连续3年净利润增长50%的股票,NULL,0,0,NULL,0
总股本小于1亿股,NULL,0,0,NULL,0
2012中报预增长150%,NULL,0,0,NULL,0
股本少于6000万,NULL,0,0,NULL,0
传媒板块,NULL,0,0,NULL,0
2012年中报预增大于100%以上的股票,NULL,0,0,NULL,0
中小板牛股,NULL,0,0,NULL,0
连续五年净利润同比增长超过30%,NULL,0,0,NULL,0
股本小于10亿,NULL,0,0,NULL,0
股票价格大于40的股票,NULL,0,0,NULL,0
最近30天涨幅最大,NULL,0,0,NULL,0
流通盘小于5000万每股净资产大于6元每股公积金大于4元,NULL,0,0,NULL,0
2012年中报预增45%以上的股票,NULL,0,0,NULL,0
"连续三年增长30%以上,电子",NULL,0,0,NULL,0
成长股,NULL,0,0,NULL,0
流通市值小于4亿元的上海股票,NULL,0,0,NULL,0
连续三年分红，基本每股收益同比增长率大于80%,NULL,0,0,NULL,0
可能重组的股票,NULL,0,0,NULL,0
员工人数小于20人的公司,NULL,1,0,NULL,14
创业板,NULL,0,0,NULL,0
股息率大于10,NULL,0,0,NULL,0
稀缺资源概念股,NULL,0,0,NULL,0
连续三年净利润同比增长率大于50%，连续三年分红的公司,NULL,0,0,NULL,0
2012年中报业绩预增100%个股,NULL,0,0,NULL,0
大盘走势相同,NULL,0,0,NULL,0
最近3天连续收阳,NULL,0,0,NULL,0
今年一月食品制造业涨幅最大,NULL,0,0,NULL,0
总股本小于一亿,NULL,0,0,NULL,0
一季度净利润超去年全年总和,NULL,0,0,NULL,0
利润连续3年增长30%，总市值，消费,NULL,0,0,NULL,0
净利润连续三个季度增幅超过20%,NULL,0,0,NULL,0
抗癌概念股,NULL,0,0,NULL,0
跳空高开量比大于2,NULL,0,0,NULL,0
高开量比大于2,NULL,0,0,NULL,0
一个月内评级调高家数>5,NULL,0,0,NULL,0
连续三年基本每股收益同比增长率大于30%,NULL,0,0,NULL,0
5年每年净利润增长率大于40%,NULL,0,0,NULL,0
2012中报预增大于150%,NULL,0,0,NULL,0
今年以来涨幅最小的股票,NULL,0,0,NULL,0
今年一季度收入增长40%以上非st食品行业pe<40,NULL,0,0,NULL,0
2012年中报预增20%非ST,NULL,1,0,NULL,11
低碳概念股有哪些,NULL,0,0,NULL,0
中报预增100%以上的创业板医药股,NULL,0,0,NULL,0
2012年中报业绩增加100%,NULL,0,0,NULL,0
浙江省股价大于二十元的股票,NULL,0,0,NULL,0
股价大于十元且市盈率在10-20之间的股票,NULL,0,0,NULL,0
业绩预增>50%且市盈率<20,NULL,0,0,NULL,0
园林股资金流入最多的是？,NULL,0,0,NULL,0
最近一月上涨幅度最大的股票,NULL,0,0,NULL,0
近3年毛利率大于40%,NULL,0,0,NULL,0
市盈率低于6倍,NULL,0,0,NULL,0
券商题材类各股,NULL,0,0,NULL,0
前海新区,NULL,0,0,NULL,0
有重组意向的小盘股,NULL,0,0,NULL,0
稀土永磁板块今年一季度收入增长30%以上,NULL,0,0,NULL,0
金改概念股,NULL,0,0,NULL,0
2012年中报预增100%以上的股票食品 饮料 石油,NULL,0,0,NULL,0
海西概念股,NULL,0,0,NULL,0
重庆版块股有哪些,NULL,0,0,NULL,0
毛利率60%以上净利率30以上的股票,NULL,0,0,NULL,0
流通市值大于10亿元，小于20亿，每股盈利0.1,NULL,0,0,NULL,0
总市值最小的股票,NULL,0,0,NULL,0
当日资金流入最多的个股,NULL,0,0,NULL,0
每股自由现金流最多,NULL,0,0,NULL,0
福建海西上市公司有那些,NULL,0,0,NULL,0
高送转的股票,NULL,0,0,NULL,0
连续4年股息率>3.5%,NULL,0,0,NULL,0
今年中报业绩预增100%,NULL,0,0,NULL,0
今年一季度收入增长40%以上非st食品行业,NULL,0,0,NULL,0
2012年区间跌幅最大股票,NULL,0,0,NULL,0
高送转股名单,NULL,0,0,NULL,0
股本小于5亿每股收益0.5元以上,NULL,0,0,NULL,0
2012年中报业绩预增大于200%的股票,NULL,0,0,NULL,0
周k线连涨5周,NULL,0,0,NULL,0
每股公积金在5元以上的股票,NULL,0,0,NULL,0
每股息税前利润最高的股票,NULL,0,0,NULL,0
连续三年净利润同比增长率大于50的公司,NULL,0,0,NULL,0
连续三年毛利率大于30%，每股eps大于0.5元，总市值小于200亿.净资产收益率大于10%,NULL,0,0,NULL,0
上海的地产股,NULL,0,0,NULL,0
低价重组股票是那些,NULL,0,0,NULL,0
年复合增长率超30%，年均净资产收益率大于15%,NULL,0,0,NULL,0
昨天涨停的公司,NULL,0,0,NULL,0
上海的上市公司,NULL,0,0,NULL,0
注册资金最少的股票,NULL,0,0,NULL,0
连续3年净资产收益率大于30%，主营业务收入大于30%,NULL,0,0,NULL,0
每股盈余公积金大于2元,NULL,0,0,NULL,0
连续3年净利润复合增长超过50%且2011年市盈率小于30倍的股票,NULL,0,0,NULL,0
最近三年净利润复合增长率30%，收盘价<10元,NULL,0,0,NULL,0
白酒板块,白酒,1,0,NULL,7
有重组预期的航天军工股,NULL,0,0,NULL,0
涉矿题材,NULL,0,0,NULL,0
生产电脑的军工股,NULL,0,0,NULL,0
近二年roe大于30%,NULL,0,0,NULL,0
市盈率大于0，小于10，最近20个交易日涨幅大于0%的化工类股,NULL,0,0,NULL,0
利润率大于20% 毛利率大于50% ROE大于12%,NULL,0,0,NULL,0
近5日上涨10%以上,NULL,0,0,NULL,0
最近三年年主营收入环比减少,NULL,0,0,NULL,0
每股年收益大于0.5元的股票,NULL,0,0,NULL,0
近半年 股价上涨30%,NULL,0,0,NULL,0
稀土永磁概念,NULL,0,0,NULL,0
连续三年净利润率大于30%，净资产收益率大于10%,NULL,0,0,NULL,0
上周股价最高,NULL,0,0,NULL,0
股价在18-24元的股票,NULL,0,0,NULL,0
海南有哪些股票,NULL,0,0,NULL,0
半年来跌幅超过50%的股票,NULL,0,0,NULL,0
连续五年净利润大于50%,NULL,0,0,NULL,0
 金改概念,NULL,0,0,NULL,0
水泥行业上市公司,NULL,0,0,NULL,0
经营范围包括LED,NULL,0,0,NULL,0
市盈率低于15倍的股票,NULL,0,0,NULL,0
上海小盘本地股,NULL,0,0,NULL,0
股本小于3亿，连续2天换手大于2%,NULL,0,0,NULL,0
毛利率大于70%，医药,NULL,0,0,NULL,0
净资产收益率超10%,NULL,0,0,NULL,0
2012年中报增长100的股票,NULL,0,0,NULL,0
一季度收益大于0.5,NULL,0,0,NULL,0
连续五年市盈率20以下的股票,NULL,0,0,NULL,0
每股收益超过1元,NULL,0,0,NULL,0
连续5年每股收益大于1元,NULL,0,0,NULL,0
"市值小于200亿,年收入复合增长率大于30%",NULL,0,0,NULL,0
锂电池产业概念股,NULL,0,0,NULL,0
连续5年每股收益大于2元 peg<1,NULL,0,0,NULL,0
连续5年每股收益大于2元 peg<2,NULL,0,0,NULL,0
连续5年每股收益大于2元 peg<3,NULL,0,0,NULL,0
流通股本在一亿以下的上市公司,NULL,0,0,NULL,0
2012年中报中药股预增10%以上的股票,NULL,0,0,NULL,0
2012半年报净利润增长幅度为100%至70%,NULL,0,0,NULL,0
页岩气板块,NULL,0,0,NULL,0
中报业绩大于100%,NULL,0,0,NULL,0
市盈率低于7，市净率低于2，净利润为正,NULL,0,0,NULL,0
金改受益股,NULL,0,0,NULL,0
连续五年股息率>3.5%,NULL,0,0,NULL,0
2012中报预增80%,NULL,0,0,NULL,0
连续3日上涨的股票,NULL,0,0,NULL,0
稀土 PE  EPS,NULL,0,0,NULL,0
2012年中报业绩预增大于20%的股票,NULL,0,0,NULL,0
煤炭  连续五年roe>15%,NULL,0,0,NULL,0
最近30天除权股,NULL,0,0,NULL,0
税收优惠相关股票,NULL,0,0,NULL,0
连续三年毛利率大于30%，每股eps大于0.5元，总市值小于200亿,NULL,0,0,NULL,0
市净率小于1的股票,NULL,0,0,NULL,0
2010年每股收红大于1元,NULL,0,0,NULL,0
净资产收益率大于20%，净利润大于50%，现金流为销售收入的10%以上,NULL,0,0,NULL,0
预收账款      应收账款  总市值  稀土永磁,NULL,0,0,NULL,0
连续3年收入增速大于20%，净利润增速大于20%,NULL,0,0,NULL,0
5天涨幅最大的股,NULL,0,0,NULL,0
市盈率<3，每股收益大于0的股票,NULL,0,0,NULL,0
稀缺资源的个股,NULL,0,0,NULL,0
近1个月 股价上涨20%；,NULL,0,0,NULL,0
基本每股收益0.41元,NULL,0,0,NULL,0
近2个月 股价上涨20%， 新能源,NULL,0,0,NULL,0
近5天连续上涨的,NULL,0,0,NULL,0
浙江省市盈率最低的股票,NULL,0,0,NULL,0
连涨七天,NULL,0,0,NULL,0
KDJ线金叉，macd金叉，,NULL,0,0,NULL,0
每股收益率最高,NULL,0,0,NULL,0
连涨天数大于5天的股票,NULL,0,0,NULL,0
浙江的pe>5,NULL,0,0,NULL,0
今年涨幅最大,NULL,0,0,NULL,0
触摸屏概念,NULL,0,0,NULL,0
涉及创业板的上市公司,NULL,0,0,NULL,0
有可能重组的股,NULL,0,0,NULL,0
哪些是大盘蓝筹股票,NULL,0,0,NULL,0
市盈率小于10 市净率小于1,NULL,0,0,NULL,0
食品 业绩大幅上升,NULL,0,0,NULL,0
经营性现金净流量(ttm)大于2000万,NULL,0,0,NULL,0
主营产品包括铝,NULL,0,0,NULL,0
2012中报预增的有色股票,NULL,0,0,NULL,0
近三个月换手率低于0.8%,NULL,0,0,NULL,0
一周内跌幅超过20%的股票,NULL,0,0,NULL,0
业绩预增大于100% 环保,NULL,0,0,NULL,0
生产碳酸锂,NULL,0,0,NULL,0
最小市值个股,NULL,0,0,NULL,0
新能源汽车股票,NULL,0,0,NULL,0
连续涨3天的股票,NULL,0,0,NULL,0
最便宜的股票,NULL,0,0,NULL,0
今年以来涨跌幅>100%收盘价,NULL,0,0,NULL,0
近期创阶段新高,NULL,0,0,NULL,0
连续5年净现金增长率大于1% 连续5年ROE大于9.5% 负债率小于70%,NULL,0,0,NULL,0
2012年中报预增40%以上的个股 最新价10元以下 市盈率0以上20倍以下,NULL,0,0,NULL,0
近五个交易日突破最近一年的高点,NULL,0,0,NULL,0
今日收盘创180日新高的个,NULL,0,0,NULL,0
2012年中报预增200%以上的股票,NULL,0,0,NULL,0
6月19日涨停个股,NULL,0,0,NULL,0
新疆概念股 龙头,NULL,0,0,NULL,0
多晶硅 PE EPS,NULL,0,0,NULL,0
中小盘股业绩增长,NULL,0,0,NULL,0
价格最低的股票,NULL,0,0,NULL,0
巴菲特概念股,NULL,0,0,NULL,0
股价在3元以下的股票,NULL,0,0,NULL,0
连续两年净利润增长率大于30%,NULL,0,0,NULL,0
职工人数大于5000的企业,NULL,0,0,NULL,0
近三年roe大于10%,NULL,0,0,NULL,0
最近三年盈利的小盘股,NULL,0,0,NULL,0
连续3天下跌,NULL,0,0,NULL,0
前一天交易日涨幅大于3%的股票,NULL,0,0,NULL,0
全部a股每股收益大于0.4元,NULL,0,0,NULL,0
预收账款最多小盘股,NULL,0,0,NULL,0
去年主营业务增长率最高,NULL,0,0,NULL,0
2012年区间涨跌幅大于30%,NULL,0,0,NULL,0
生产汽车的股,NULL,0,0,NULL,0
新疆板块股票,NULL,0,0,NULL,0
银行业股息率率最高的公司,NULL,0,0,NULL,0
净利增长率大于50%  2011年市盈率小于15  2008年以前上市,NULL,0,0,NULL,0
每股收益前10名的,NULL,0,0,NULL,0
网下超额认购倍数大于10倍,NULL,0,0,NULL,0
连续5年roe超20%,NULL,0,0,NULL,0
近3年净利润复合增长率大于50%,NULL,0,0,NULL,0
浙江 医药股,NULL,0,0,NULL,0
连续3天涨幅大于2%,NULL,0,0,NULL,0
2012年半年预增,NULL,0,0,NULL,0
目前资产重组股票,NULL,1,123,NULL,0
股市高送转概念,NULL,0,0,NULL,0
st有望摘帽的股票,NULL,0,0,NULL,0
纺织服装  三年收入增速>30% 净利润增速>30%,NULL,0,0,NULL,0
连续3年收入增长30%,NULL,0,0,NULL,0
毛利润率大于90%,NULL,0,0,NULL,0
连续5年净利润同比增长率大于40%,NULL,0,0,NULL,0
预盈200%以上5元以下的股票,NULL,0,0,NULL,0
沪深300指数名单,NULL,0,0,NULL,0
金改概念,NULL,0,0,NULL,0
渔业 eps pe roe,NULL,0,0,NULL,0
浙江的地产股,NULL,0,0,NULL,0
近5天连续下跌的,NULL,0,0,NULL,0
连续3年ROE大于12%，净利率大于15%，连续3年净利率增长率大于1%,NULL,0,0,NULL,0
2012年1季度预增,NULL,0,0,NULL,0
今年一季度收入增长70%以上,NULL,0,0,NULL,0
首次公开发行股票募集资金大于10亿,NULL,0,0,NULL,0
净资产负债率超过100%的地产公司,NULL,0,0,NULL,0
连续7年 净利润增长率大于20%,NULL,0,0,NULL,0
零售板块,NULL,0,0,NULL,0
连续三年 净利润复合增长率大于50% 创业板,NULL,1,0,NULL,22
连续5天下跌,NULL,0,0,NULL,0
连涨天数大于6天的股票,NULL,0,0,NULL,0
预测净利润连续三年增长100%,NULL,0,0,NULL,0
传媒板块中的重组上市公司,NULL,0,0,NULL,0
股价低于10元,NULL,0,0,NULL,0
连续三年净利润增长100%,NULL,0,0,NULL,0
市盈率低于15,NULL,0,0,NULL,0
次新股,NULL,0,0,NULL,0
主营业务收入增长率连续5年大于30%的上市公司,NULL,0,0,NULL,0
2012年中报预增100%以上的股票医药 食品,NULL,0,0,NULL,0
券商股,NULL,0,0,NULL,0
连续三年净利润增长率大于40%，连续三年分红,NULL,0,0,NULL,0
中报预增100%,NULL,0,0,NULL,0
汽车市盈率最低的股票,NULL,0,0,NULL,0
日换手率达20%,NULL,0,0,NULL,0
绍兴上市公司名单,NULL,0,0,NULL,0
业绩大幅度增长的低价股,NULL,0,0,NULL,0
小盘股有哪些,NULL,0,0,NULL,0
连续5年roe大于20%医药行业,NULL,0,0,NULL,0
中小板业绩高增长超200,NULL,0,0,NULL,0
2008年市盈率低于3的医药公司,NULL,0,0,NULL,0
前十大股东名称为华商盛世的股票,NULL,0,0,NULL,0
毛利率高于40%，净资产收益高于15%，净利率高于5%,NULL,0,0,NULL,0
最近三天涨幅超过20%,NULL,0,0,NULL,0
5年股息率大于3%,NULL,0,0,NULL,0
连续三年十股送十股,NULL,0,0,NULL,0
连续3年每股收益增长比80%以上,NULL,0,0,NULL,0
业绩高增长.高送转预期,NULL,0,0,NULL,0
净利润连续3年50%增长的房地产公司,NULL,0,0,NULL,14
房地产开发板块资金流入最大的股票,NULL,0,0,NULL,0
苹果概念股,NULL,0,0,NULL,0
2011年首发的股票,NULL,0,0,NULL,0
今年跌幅最大非st,NULL,0,0,NULL,0
家用电器,NULL,0,0,NULL,0
2012年中报业绩预增大于30%,NULL,0,0,NULL,0
利润大涨股票,NULL,0,0,NULL,0
核电概念股,NULL,0,0,NULL,0
股价在9元以下的股票,NULL,0,0,NULL,0
业绩大增200%,NULL,0,0,NULL,0
近三年roe大于30%并且毛利率大于50%,NULL,0,0,NULL,0
上海本地股有哪些零售类,NULL,0,0,NULL,0
奥运概念,NULL,0,0,NULL,0
生物医药今日跌幅最大的股票,NULL,0,0,NULL,0
海水淡化概念,NULL,0,0,NULL,0
MACD金叉股票,NULL,0,0,NULL,0
最近100个交易日跌幅排名,NULL,0,0,NULL,0
市净率0-2，中报预增的股票,NULL,0,0,NULL,0
总股本小于5000万的创业板股票,NULL,0,0,NULL,0
   低价强势股,NULL,0,0,NULL,0
市盈率小于20,NULL,0,0,NULL,0
北京水利股,NULL,0,0,NULL,0
十二五产业规划,NULL,0,0,NULL,0
节能环保股,NULL,0,0,NULL,0
风力发电,NULL,0,0,NULL,0
重庆资产重组股,NULL,0,0,NULL,0
主营产品为疫苗的股票,NULL,0,0,NULL,0
非汽车交运设备,NULL,0,0,NULL,0
创历史新高的个股,NULL,0,0,NULL,0
摘帽股有哪些,NULL,0,0,NULL,0
半年跌幅超过30%股,NULL,0,0,NULL,0
一个月股价下跌30%,NULL,0,0,NULL,0
2011年最挣钱的上市公司有哪些,NULL,0,0,NULL,0
中报业绩增长达100%的股票,NULL,1,0,NULL,4
毛利率大于50%的股票,NULL,0,0,NULL,0
毛利率连续三年高于60%的医药股,NULL,0,0,NULL,0
白酒行业主营业务收入,NULL,0,0,NULL,0
最近5日换手率高于20%的个股,NULL,0,0,NULL,0
连涨六天,NULL,0,0,NULL,0
2012中报利润增长百分之五十以上的股票,NULL,0,0,NULL,0
中小盘股,NULL,0,0,NULL,0
最近四天跌幅最大的股票,NULL,0,0,NULL,0
连续两年利润增长超过100%,NULL,0,0,NULL,0
上个月股价最低,NULL,0,0,NULL,0
2012年中报预增150%,NULL,0,0,NULL,0
2012年半年预增80%以上医药 食品,NULL,0,0,NULL,0
企业倍数(ev2/ebitda)大于3的金融股,NULL,0,0,NULL,0
中小板高送转股票,NULL,0,0,NULL,0
近两年跌幅最大的股票,NULL,0,0,NULL,0
今年跌幅最大,NULL,0,0,NULL,0
市盈率<20,NULL,0,0,NULL,0
成交数量=0,NULL,0,0,NULL,0
2012年一季度收入增长40%以上,NULL,0,0,NULL,0
昨日资金流入最多股票,NULL,0,0,NULL,0
业绩增超过50%,NULL,0,0,NULL,0
近3年每股经营性现金流都大于1元,NULL,0,0,NULL,0
"预盈200%以上,近5日上涨",NULL,0,0,NULL,0
连续5年利润总额同比增长大于30%,NULL,0,0,NULL,0
连续三年毛利率60%以上,NULL,0,0,NULL,0
2012第一季度利润增长100%以上,NULL,0,0,NULL,0
2012中报预增超过100%股,NULL,0,0,NULL,0
转增股本,NULL,0,0,NULL,0
毛利率60%以上净利率40以上的股票的医药股,NULL,0,0,NULL,0
年报有高送转预期,NULL,0,0,NULL,0
2012年中报预增30%以上的环保 股票,NULL,0,0,NULL,0
近期创股价历史新低股,NULL,0,0,NULL,0
2012中报业绩净利润预增200%的股票,NULL,0,0,NULL,0
连续三年净利润增幅超过100%,NULL,0,0,NULL,0
利润增长率大于30%,NULL,0,0,NULL,0
三个月跌幅最大,NULL,0,0,NULL,0
前两年每股收益大于0的ST公司 最新价,NULL,0,0,NULL,0
2011年每股收益超过3元的股票,NULL,0,0,NULL,0
股价小于2.8的股票,NULL,0,0,NULL,0
近半年 股价上涨20%， 新材料,NULL,0,0,NULL,0
2012中报业绩大于100%的股票,NULL,0,0,NULL,0
2012年一季度每股收益最大的股票,NULL,0,0,NULL,0
2012年中报业绩大于200%的股票,NULL,0,0,NULL,0
户均持股数多于10000股的,NULL,0,0,NULL,0
摘帽概念股有哪些,NULL,0,0,NULL,0
连续3年ROE大于20%,NULL,0,0,NULL,0
新三板都有哪些股票,NULL,0,0,NULL,0
饮料 业绩大幅上升,NULL,0,0,NULL,0
今年一季度收入增长50%以上,NULL,0,0,NULL,0
一季度高增长,NULL,0,0,NULL,0
珠三角概念股,NULL,0,0,NULL,0
dde大单净量大于3,NULL,0,0,NULL,0
dde大单净量大于2,NULL,0,0,NULL,0
流通市值10亿以下,NULL,0,0,NULL,0
生物质能概念,NULL,0,0,NULL,0
年收入复合增长大于30%，毛利率大于50%,NULL,0,0,NULL,0
基金持股比例大于30%的股票,NULL,0,0,NULL,0
市盈率0-10，市净率0-2，净利润为正,NULL,0,0,NULL,0
2012年中报分红送转的股票,NULL,0,0,NULL,0
深市 流通市值小于10亿 收益率大于10%,NULL,0,0,NULL,0
2011年年报业绩同比增长,NULL,0,0,NULL,0
2012年股价翻番的股票,NULL,0,0,NULL,0
2012年半年报预增股,NULL,0,0,NULL,0
与核电相关股票,NULL,0,0,NULL,0
收盘价小于10元，连续4天涨幅大于0.5%,NULL,0,0,NULL,0
次新股概念,NULL,0,0,NULL,0
昨天涨停的个股,NULL,0,0,NULL,0
"预盈200%以上,近5日上涨10%以上",NULL,0,0,NULL,0
市值低于60亿  股价低于20 食品饮料,NULL,0,0,NULL,0
10日均线上穿30日均线 总股本小于5亿 最新价小于7元,NULL,0,0,NULL,0
公积金8元以上的股票,NULL,0,0,NULL,0
一年来跌幅前50名的股票,NULL,0,0,NULL,0
毛利率最高的医疗器材股,NULL,0,0,NULL,0
船舶制造板块,NULL,0,0,NULL,0
磷肥,NULL,0,0,NULL,0
节能环保昨日涨幅最高,NULL,0,0,NULL,0
最近半年涨幅大于10%的小盘股,NULL,0,0,NULL,0
每股收益一季度同比增长30%以上，每股收益大于0.1元,NULL,0,0,NULL,0
今年以来大股东增持100%的股票,NULL,0,0,NULL,0
净利润增300%,NULL,0,0,NULL,0
盈利增长在500%以上,NULL,0,0,NULL,0
毛利率80%以上的股票  2012年中报预增40%以上的股票,NULL,0,0,NULL,0
地产板块,NULL,0,0,NULL,0
2012年5月跌幅最多的股票,NULL,0,0,NULL,0
做汽车的公司,NULL,0,0,NULL,0
最近七天股价下跌10%,NULL,0,0,NULL,0
一季度业绩增长大于30%,NULL,0,0,NULL,0
涨幅达到8%以上的股票,NULL,0,0,NULL,0
2012年中报业绩预增100的股票,NULL,0,0,NULL,0
股指期货,NULL,0,0,NULL,0
4月以来大股东增持的比例>100%的股票,NULL,0,0,NULL,0
5月涨幅最高的20支股票,NULL,0,0,NULL,0
生产碳酸锂的公司,NULL,0,0,NULL,0
净利润增长50%以上的医药股,NULL,0,0,NULL,0
连续3年净利润率大于20％ ROE大于10% 负债率小于30%,NULL,0,0,NULL,0
创5日新高的股票,NULL,0,0,NULL,0
动态市盈率最低,NULL,0,0,NULL,0
2012年中报业绩超过100%,NULL,0,0,NULL,0
每股盈余公积金大于2元每股未分配利润大于2元,NULL,0,0,NULL,0
连续五年净资产收益率大于百分之20,NULL,0,0,NULL,0
五月跌幅超过20%的股票,NULL,0,0,NULL,0
奥维通信中报业绩预测,NULL,0,0,NULL,0
"预盈100%以上,近5日上涨8%以上",NULL,0,0,NULL,0
市盈率最低，市盈率为正，利润为正，非ST股票,NULL,0,0,NULL,0
每股盈利大于0.9元,NULL,0,0,NULL,0
5天内换手率超过30%的股票,NULL,0,0,NULL,0
今年以来涨幅最高的股票,NULL,0,0,NULL,0
2012年3月上市的股票,NULL,0,0,NULL,0
连续5天上涨,NULL,0,0,NULL,0
股指期货指标股,NULL,0,0,NULL,0
净利润同比增幅最高,NULL,0,0,NULL,0
2012中报预增大于200%的股票,NULL,0,0,NULL,0
盘子最小的电力股,NULL,0,0,NULL,0
医药制造毛利率最高的企业,NULL,0,0,NULL,0
有重组预期的上市公司,NULL,0,0,NULL,0
2012中报预增 总股本2亿以下 上市2年以内 股价20元以下,NULL,0,0,NULL,0
净利润在1亿以上的公司,NULL,0,0,NULL,0
最近半年跌幅超过20%小盘股,NULL,0,0,NULL,0
今日未发生交易的股票,NULL,0,0,NULL,0
股价在3.5元以下的股票,NULL,0,0,NULL,0
市净率15以下的股票,NULL,0,0,NULL,0
最近10天涨幅最大的股,NULL,0,0,NULL,0
指标股资金流入最多的股票,NULL,0,0,NULL,0
股票市值小于10亿,NULL,0,0,NULL,0
2011年分红最多的上市公司,NULL,0,0,NULL,0
2012年一季报预增,NULL,0,0,NULL,0
低价强势股   小盘,NULL,0,0,NULL,0
2012年中报预增的有色股票,NULL,0,0,NULL,0
 负债率最高的股票,NULL,0,0,NULL,0
最近三年净利润复合增长率30%，股价<10元,NULL,0,0,NULL,0
主营 疫苗 eps 收盘价,NULL,0,0,NULL,0
医药生物资金流入最大的股票,NULL,0,0,NULL,0
收盘价-每股净资产<0 银行股,NULL,0,0,NULL,0
滨海概念股,NULL,0,0,NULL,0
上海本地股有哪些,NULL,0,0,NULL,0
连续五年roe大于30%的,NULL,0,0,NULL,0
农药产品的股票有哪些,NULL,0,0,NULL,0
涨停股,NULL,0,0,NULL,0
